index,recommend,content,timestamp,datetime
1,True,하프라이프2 이후 벌어지는 스토리. 3편 죽어도 내기 싫어서 욱여넣은 DLC 두번째 작품.,1743205314,2025-03-28 23:41:54
2,True,엔딩이 너무 허무해.,1731935005,2024-11-18 13:03:25
3,True,그래서 vr 말고 3는 언제 나옴??,1730894673,2024-11-06 12:04:33
4,True,예측하지 못한 결과에 대비하라,1730893221,2024-11-06 11:40:21
5,True,"17년이나 되었음에도 할만한 명작.
짧다는 것. 그리고 원작과 에피소드 1에 적용되었던 한국어 더빙이 사라졌다는 것만 제외한다면 더할 나위 없이 만족스럽다. 플레이타임은 짧지만 ep1에 비해서 흥미로운 이벤트들이 많다. 전체적인 구성이 훌륭해서 짧은 것이 더더욱 아쉽다.
하프라이프 시리즈의 신작은 영원히 안 나올지도 모르지만 나를 비롯한 이 시리즈를 해본 사람들은 평생을 기다릴 작품이 아닐까 싶다.

4/5",1729947795,2024-10-26 13:03:15
6,True,삐빅 갓겜입니다,1726928639,2024-09-21 14:23:59
7,True,"어릴때 에피소드2를 플레이하며 와 다음엔 개쩌는게 나오겠지 하며 기다렸던 제가 벌써 아재가 되었읍니다... 

이제 제가 죽기전엔 3가 나올지 하루하루 전전긍긍하고 있읍니다...

그거완 별개로 여기까지 플레이 하셨다면 제가 평가할 필요없이 대부분 하프라이프 시리즈에 대해 만족하고 있다는 방증일지도 모르니까 더 말해 뭐하겠어요? 같이 3 기다립시다.",1725535871,2024-09-05 11:31:11
8,True,호감 깡통 견이,1723994823,2024-08-18 15:27:03
9,True,"그러니까 지금 우리가... [spoiler] 아저씨 유언을 17년째 못지키고 있다고? [/spoiler] ...

죽기전에 이 세계의 끝을 보고 싶어...",1723466675,2024-08-12 12:44:35
10,True,게리모드의 제물 1,1723320218,2024-08-10 20:03:38
11,True,3.,1721718507,2024-07-23 07:08:27
12,True,아오 엔딩시치,1720959348,2024-07-14 12:15:48
13,True,그져 goat,1720791608,2024-07-12 13:40:08
14,True,3을 넣기 싫은 밸브의 뇌절,1719657207,2024-06-29 10:33:27
15,True,5년 안에는 1+1+1 나오겠죠?,1718616085,2024-06-17 09:21:25
16,True,이젠 3편에 대한 기대도없다.,1716716210,2024-05-26 09:36:50
17,True,장점밖에 없는게 단점임.,1714494761,2024-04-30 16:32:41
18,True,⠀⠀⠀⠀⠀⠀⠀⠀⠀⠀⠀⠀⠀⠀⠀⠀⠀⠀⠀⠀⠀⠀⠀⠀⠀⠀⠀⠀⠀⠀⠀⠀⠀⠀⠀⠀⠀⠀⠀⠀⠀⠀⠀⠀⠀⠀⠀⠀⠀⠀⠀⠀⠀⠀⠀⠀⠀⠀⠀⠀⠀⠀⠀⠀⠀⠀⠀⠀⠀⠀⠀⠀⠀⠀⠀⠀⠀⠀⠀⠀⠀⠀⠀⠀⠀⠀⠀⠀⠀⠀⠀⠀⠀⠀⠀⠀⠀⠀⠀⠀⠀⠀⠀⠀⠀⠀⠀⠀⠀⠀⠀⠀⠀⠀⠀⠀⠀⠀⠀⠀⠀⠀⠀⠀⠀⠀⠀⠀⠀⠀⠀⠀⠀⠀⠀⠀⠀⠀⠀⠀⠀⠀⠀⠀⠀⠀⠀⠀⠀⠀⠀⠀⠀⠀⠀⠀⠀⠀⠀⠀⠀⠀⠀⠀⠀⠀⠀⠀⠀⠀⠀⠀⠀⠀⠀⠀⠀⠀⠀⠀⠀⠀⠀⠀⠀⠀⠀⠀⠀⠀⠀⠀⠀⠀⠀⠀⠀⠀⠀⠀⠀⠀⠀⠀⠀⠀⠀⠀⠀⠀⠀⠀⠀⠀⠀⠀⠀⠀⠀⠀⠀⠀⠀⠀⠀⠀⠀⠀⠀⠀⠀⠀⠀⠀⠀⠀⠀⠀⠀⠀⠀⠀⠀⠀⠀⠀⠀⠀⠀⠀⠀⠀⠀⠀⠀⠀⠀⠀⠀⠀⠀⠀⠀⠀⠀⠀⠀⠀⠀⠀⠀⠀⠀⠀⠀⠀⠀⠀⠀⠀⠀⠀⠀⠀⠀⠀⠀⠀⠀⠀⠀⠀⠀⠀⠀⠀⠀⠀⠀⠀⠀⠀⠀⠀⠀⠀⠀⠀⠀⠀⠀⠀⠀⠀⠀⠀⠀⠀⠀⠀⠀⠀⠀⠀⠀⠀⠀⠀⠀⠀⠀⠀⠀⠀⠀⠀⠀⠀⠀⠀⠀⠀⠀⠀⠀⠀⠀⠀⠀⠀⠀⠀⠀⠀⠀⠀⠀⠀⠀⠀⠀⠀⠀⠀⠀⠀⠀⠀⠀⠀⠀⠀⠀⠀⠀⠀⠀⠀⠀⠀⠀⠀⠀⠀⠀⠀⠀⠀⠀⠀⠀⠀⠀⠀⠀⠀⠀⠀⠀⠀⠀⠀⠀⠀⠀⠀⠀⠀⠀⠀⠀⠀⠀⠀⠀⠀⠀⠀⠀⠀⠀⠀⠀⠀⠀⠀⠀⠀⠀⠀⠀⠀⠀⠀⠀⠀⠀⠀⠀⠀⠀⠀⠀⠀⠀⠀⠀⠀⠀⠀⠀⠀⠀⠀⠀⠀⠀⠀⠀⠀⠀⠀⠀⠀⠀⠀⠀⠀⠀⠀⠀⠀⠀⠀⠀⠀⠀⠀⠀⠀⠀⠀⠀⠀⠀⠀⠀⠀⠀⠀⠀⠀⠀⠀⠀⠀⠀⠀⠀⠀⠀⠀⠀⠀⠀⠀⠀⠀⠀⠀⠀⠀⠀⠀⠀⠀⠀⠀⠀⠀⠀⠀⠀⠀⠀⠀⠀⠀⠀⠀⠀⠀⠀⠀⠀⠀⠀⠀⠀⠀⠀⠀⠀⠀⠀⠀⠀⠀⠀⠀⠀⠀⠀⠀⠀⠀⠀⠀⠀⠀⠀⠀⠀⠀⠀⠀⠀⠀⠀⠀⠀⠀⠀⠀⠀⠀⠀⠀⠀⠀⠀⠀⠀⠀⠀⠀⠀⠀⠀⠀⠀⠀⠀⠀⠀⠀⠀⠀⠀⠀⠀⠀⠀⠀⠀⠀⠀⠀⠀⠀⠀⠀⠀⠀⠀⠀⠀⠀⠀⠀⠀⠀⠀⠀⠀⠀⠀⠀⠀⠀⠀⠀⠀⠀⠀⠀⠀⠀⠀⠀⠀⠀⠀⠀⠀⠀⠀⠀⠀⠀⠀⠀⠀⠀⠀⠀⠀⠀⠀⠀⠀⠀⠀⠀⠀⠀⠀⠀⠀⠀⠀⠀⠀⠀⠀⠀⠀⠀⠀⠀⠀⠀⠀⠀⠀⠀⠀⠀⠀⠀⠀⠀⠀⠀⠀⠀⠀⠀⠀⠀⠀⠀⠀⠀⠀⠀⠀⠀⠀⠀⠀⠀⠀⠀⠀⠀⠀⠀⠀⠀⠀⠀⠀⠀⠀⠀⠀⠀⠀⠀⠀⠀⠀⠀⠀⠀⠀⠀⠀⠀⠀⠀⠀⠀⠀⠀⠀⠀⠀⠀⠀⠀⠀⠀⠀⠀⠀⠀⠀⠀⠀⠀⠀⠀⠀⠀⠀⠀⠀⠀⠀⠀⠀⠀⠀⠀⠀⠀⠀⠀⠀⠀⠀⠀⠀⠀⠀⠀⠀⠀⠀⠀⠀⠀⠀⠀⠀⠀⠀⠀⠀⠀⠀⠀⠀⠀⠀⠀⠀⠀⠀⠀⠀⠀⠀⠀⠀⠀⠀⠀⠀⠀⠀⠀⠀⠀⠀⠀⠀⠀⠀⠀⠀⠀⠀⠀⠀⠀⠀⠀⠀⠀⠀⠀⠀⠀⠀⠀⠀⠀⠀⠀⠀⠀⠀⠀⠀⠀⠀⠀⠀⠀⠀⠀⠀⠀⠀⠀⠀⠀⠀⠀⠀⠀⠀⠀⠀⠀⠀⠀⠀⠀⠀⠀⠀⠀⠀⠀⠀⠀⠀⠀⠀⠀⠀⠀⠀⠀⠀⠀⠀⠀⠀⠀⠀⠀⠀⠀⠀⠀⠀⠀⠀⠀⠀⠀⠀⠀⠀⠀⠀⠀⠀⠀⠀⠀⠀⠀⠀⠀⠀⠀⠀⠀⠀⠀⠀⠀⠀⠀⠀⠀⠀⠀⠀⠀⠀⠀⠀⠀⠀⠀⠀⠀⠀⠀⠀⠀⠀⠀⠀⠀⠀⠀⠀⠀⠀⠀⠀⠀⠀⠀⠀⠀⠀⠀⠀⠀⠀⠀⠀⠀⠀⠀⠀⠀⠀⠀⠀⠀⠀⠀⠀⠀⠀⠀⠀⠀⠀⠀⠀⠀⠀⠀⠀⠀⠀⠀⠀⠀⠀⠀⠀⠀⠀⠀⠀⠀⠀⠀⠀⠀⠀⠀⠀⠀⠀⠀⠀⠀⠀⠀⠀⠀⠀⠀⠀⠀⠀⠀⠀⠀⠀⠀⠀⠀⠀⠀⠀⠀⠀⠀⠀⠀⠀⠀⠀⠀⠀⠀⠀⠀⠀⠀⠀⠀⠀⠀⠀⠀⠀⠀⠀⠀⠀⠀⠀⠀⠀⠀⠀⠀⠀⠀⠀⠀⠀⠀⠀⠀⠀⠀⠀⠀⠀⠀⠀⠀⠀⠀⠀⠀⠀⠀⠀⠀⠀⠀⠀⠀⠀⠀⠀⠀⠀⠀⠀⠀⠀⠀⠀⠀⠀⠀⠀⠀⠀⠀⠀⠀⠀⠀⠀⠀⠀⠀⠀⠀⠀⠀⠀⠀⠀⠀⠀⠀⠀⠀⠀⠀⠀⠀⠀⠀⠀⠀⠀⠀⠀⠀⠀⠀⠀⠀⠀⠀⠀⠀⠀⠀⠀⠀⠀⠀⠀⠀⠀⠀⠀⠀⠀⠀⠀⠀⠀⠀⠀⠀⠀⠀⠀⠀⠀⠀⠀⠀⠀⠀⠀⠀⠀⠀⠀⠀⠀⠀⠀⠀⠀⠀⠀⠀⠀⠀⠀⠀⠀⠀⠀⠀⠀⠀⠀⠀⠀⠀⠀⠀⠀⠀⠀⠀⠀⠀⠀⠀⠀⠀⠀⠀⠀⠀⠀⠀⠀⠀⠀⠀⠀⠀⠀⠀⠀⠀⠀⠀⠀⠀⠀⠀⠀⠀⠀⠀⠀⠀⠀⠀⠀⠀⠀⠀⠀⠀⠀⠀⠀⠀⠀⠀⠀⠀⠀⠀⠀⠀⠀⠀⠀⠀⠀⠀⠀⠀⠀⠀⠀⠀⠀⠀⠀⠀⠀⠀⠀⠀⠀⠀⠀⠀⠀⠀⠀⠀⠀⠀⠀⠀⠀⠀⠀⠀⠀⠀⠀⠀⠀⠀⠀⠀⠀⠀⠀⠀⠀⠀⠀⠀⠀⠀⠀⠀⠀⠀⠀⠀⠀⠀⠀⠀⠀⠀⠀⠀⠀⠀⠀⠀⠀⠀⠀⠀⠀⠀⠀⠀⠀⠀⠀⠀⠀⠀⠀⠀⠀⠀⠀⠀⠀⠀⠀⠀⠀⠀⠀⠀⠀⠀⠀⠀⠀⠀⠀⠀⠀⠀⠀⠀⠀⠀⠀⠀⠀⠀⠀⠀⠀⠀⠀⠀⠀⠀⠀⠀⠀⠀⠀⠀⠀⠀⠀⠀⠀⠀⠀⠀⠀⠀⠀⠀⠀⠀⠀⠀⠀⠀⠀⠀⠀⠀⠀⠀⠀⠀⠀⠀⠀⠀⠀⠀⠀⠀⠀⠀⠀⠀,1714270068,2024-04-28 02:07:48
19,True,놀라운 사실: 하프라이프는 아직 완결이 안났다...,1713985774,2024-04-24 19:09:34
20,True,하프3 =알릭스,1713539227,2024-04-19 15:07:07
21,True,"진짜 하프라이프 시리즈 관심없었는데... 1, 2, 에피1, 에피 2 까지 하니까 하프3에 미친 게이머들의 심정이 이해가 가네요. 엄청난 명작입니다. 요즘 나오는 AAA게임들보다 더 최고입니다. 하프3 빨리 안나와도 되니까 이 명작들의 계보를 이을 또다른 명작을 내주십시오.",1712846837,2024-04-11 14:47:17
22,True,"★★★★★ 5/5
스토리 제발 좀 진행 좀 해줘",1712752962,2024-04-10 12:42:42
23,True,어디로 가야하오,1712432075,2024-04-06 19:34:35
24,True,그래서 3 언제나옴?,1711899525,2024-03-31 15:38:45
25,True,라마르는 코어들과 함께 우주의 별이되었습니다....,1711260504,2024-03-24 06:08:24
26,True,"하프라이프2 스토리의 끝.
스토리는 더욱 깊어지고, 전투는 빈번해지며 격렬해진다.
Xen의 거대한 포탈을 닫으려는 저항군들과 그것을 막으려 밀려오는 적들의 격돌이 주된 내용이다.
고든과 알릭스는 적들보다 먼저 저항군 본부에 당도해서 적들을 막아내고 위성을 쏘아올려 포탈을 막아내야만 한다.
밸브는 에피소드2에서도 마찬가지로 혁신을 이루어낸다.
적들은 이제 함정을 파고 기다리기도 하고 무적 포탑을 부수기 위해 구불구불한 자동차의 폐허 속을 잠입하기도 한다. 
새로운 무기로 적들을 상대해야 하며, 전투는 선형적인 공간 뿐만 아니라 지역 전체를 아우른다.
광활한 대지보다는 삼림이나 건물들이 가득찬 구역속을 헤쳐나가게 되며, 그 속에 숨어있는 온갖 업적과 보상을 찾는 재미도 굉장하다.
스토리가 끝나고 엔딩 크레딧이 올라올 때 느끼는 감정은 희열과 아쉬움, 그리고 기대이다.
아, 이래서 사람들이 게이브 뉴웰에게 당장 3편을 내놓으라고 15년동안 아우성이었구나 하고 절절히 깨닫게 된다.
이제 나는 퀘스트2를 끼고 하프라이프 : 알릭스를 플레이하러 간다.
밸브만이 이루어 낼 수 있는 또 한번의 거대한 혁신을 경험하러.",1709411612,2024-03-02 20:33:32
27,True,짧지만 하프라이프2 시리즈를 이어나가는 작품이라는 점으로도 강력 추천,1708824544,2024-02-25 01:29:04
28,False,.,1706784907,2024-02-01 10:55:07
29,True,밸브는 3을 모른다. 2024년인 지금도 그렇다.,1704983623,2024-01-11 14:33:43
30,True,.,1704457520,2024-01-05 12:25:20
31,True,"그저 하프라이프
더빙 안된점이 아쉬움",1703334266,2023-12-23 12:24:26
32,True,이건 하프라이프1 과2 에피소드1 블랙메사 인트로피제로2 포탈2 에 이어 최고에 작품 이다,1703234203,2023-12-22 08:36:43
33,True,미친 이러고 3을 안줘?,1702555705,2023-12-14 12:08:25
34,True,"싸게 할인해서 재밌게 엔딩보고 다시할려고 설치했는데, 장단점 쓰라고해서 귀찮지만 대충씁니다. 
말안해도 칭친일색 겜이라 알아서 판단하십쇼~",1702159164,2023-12-09 21:59:24
35,True,Epic,1701864130,2023-12-06 12:02:10
36,True,재밌는데.. 이상하게 하프라이프 하면 은근히 무섭더라 괴물도 징그럽고 ㅠ,1701165818,2023-11-28 10:03:38
37,True,"에피1 보다 플레이 타임이 길어서 나름 재미있고 그래픽이 핲라2 중 제일 마음에듬
단점은... 역시 3.......",1701103674,2023-11-27 16:47:54
38,True,"말이필요없음..
3이나 내놔라 ㅅ1ㅂ",1700372836,2023-11-19 05:47:16
39,True,마지막 전투 원툴,1696138395,2023-10-01 05:33:15
40,True,"빨리 에피소드 3 주세요, 현기증 난단 말이에요.",1695389538,2023-09-22 13:32:18
41,True,"오...
엔딩을 이렇게 내고서 13년 동안 후속작이 없었단 말이지...",1695373107,2023-09-22 08:58:27
42,True,"15년이나 된 작품인데 이정도의 재미를 줄 수 있다는게 놀랍다.

특히 스트라이더 폭탄으로 때려잡는 마지막 미션 넘 재밌었음 ㅋ

아쉬운점은 추가 에피소드답게 눈에 띄게 새로운점은 없었다는점.

근데 왜 정말 3탄은 안나오지?? 

세계관도 좋은데 뭔가 나왔으면 좋겠다

이제 VR 알릭스 해야지~

현시점기준 게임하면서 즐거웠던 느낌 - 8점",1695024346,2023-09-18 08:05:46
43,True,3 언제,1693925122,2023-09-05 14:45:22
44,True,"[h1][b][10/10][/b]
하이라이트만 남은 하프라이프 2[/h1]
이전작들을 동해 게임 시스템에 대한 학습을 마친 플레이어들을 위한 빠르고 재미난 미션들로 구성되어있다",1692370002,2023-08-18 14:46:42
45,True,"야 이렇게 끝내고 3을 안 냈다고? 악마 샛기들
알릭스 하러 갑니다 ㅋㅋㄹ삥뽕ㅇ",1691601102,2023-08-09 17:11:42
46,True,"[h1] [b]더 완성도 높아진 후일담 2편[/b] [/h1]
하프라이프 2 스토리를 마무리하는 짧고 굵은 DLC 2편
역시나 본편과 에피소드 1이랑 게임 방식은 100% 일치함
화이트 포레스트 (숲 속, 동굴 지형), 반시민군 기지를 배경으로 했는데
본편과 에피 1이 도시 위주로 다루었기에 맵 디자인 면에서 꽤 새로운 느낌이 들었음
특히 초중반 보르티곤트와 동굴 탐험하는 챕터가 동굴 특유의 끈적거리고 음산한 분위기를 잘 표현해서 가장 기억에 남음

에피 1보다는 체감상 플탐이 살짝 더 길고 난이도도 꽤 높은데
개인적으로 재미와 완성도 면에서 본작 에피 2를 더 고평가함
본작부터 새로 추가된 몹인 헌터와 산성 개미귀신이 꽤 성가셨고
후반부에 스트라이더 때려잡는 챕터는 처음할 때는 폭탄 부착하기가 영 쉽지 않아서
스트레스 받는데 여러번 리트하면서 익숙해지니까 이만한 타격감이 또 없다

가장 아쉬운 점은 본작부터 한국어 더빙 지원이 중단된 것
에피 1까지 친숙하게 들어왔던 더빙이 끊기니까 캐릭터들 목소리가 뭔가 어색했던 점이 큼
생각해보면 하프라이프도 참 더빙 잘된듯

엔딩이 다소 충격적이어서 ""와.. 이제 후속작에서 이걸 풀어주겠지?"" 싶겠지만
[b] [u] 밸브는 리뷰 쓰는 기준 16년 동안이나 하프라이프 3를 내지 않고 있다 [/u] [/b]",1691512989,2023-08-08 16:43:09
47,True,"에피1보다 재밌다. 
스트라이더랑 맞짱을 뜨는 전투부분은 익숙하지 않으면 화가 나지만, 시리즈 전체로 봤을 때 이만큼 시원시원하고 재밌는 부분이 없다.

아쉬운 부분은 1에서부터 계속 이어지던 한글 더빙이 없다는 것.",1691260898,2023-08-05 18:41:38
48,True,"사람에 따라 멀미하는 사람도 있다던데 난 3D 멀미 안 함. 
근데 클리어하고 나니 속이 울렁 거리고 몸에 힘이 없어지는 것 같았지만 암튼 멀미는 아님.

원래 퍼즐 요소 안 좋아했었는데 하프라이프를 플레이하고 마음이 바뀐 듯.
부당하거나 허무하게 막히는 구간 없이 플레이 할 수 있어서 좋음. 

원래 진짜 이해 안가는 걸로 막히면 그것만큼 답답한 게 없는데.... 나중에 알고보면 별 거 아닌 경우가 대다수인지라. 

하프라이프 1, 2를 플레이하고 난 뒤에 하는 거라 길찾기 실력이 올라간 것도 있지만 그만큼 이 게임의 퍼즐 요소가 직관적이고 논리적으로 되어 있음.  

스토리에 관한 건 빼놓을 수 없지만.... 사실 스토리가 차지하는 비중은 크지 않다고 봄.",1691255153,2023-08-05 17:05:53
49,True,역시 밸브 bb,1690554049,2023-07-28 14:20:49
50,True,"b

점수 92/100",1689837328,2023-07-20 07:15:28
51,True,하프라이프 2: 에피소드 2,1688288114,2023-07-02 08:55:14
52,True,yes,1687794912,2023-06-26 15:55:12
53,True,한번 해보면 다른 fps는 거들떠고 못본다,1686329374,2023-06-09 16:49:34
54,True,한국어 더빙 없음,1685934822,2023-06-05 03:13:42
55,True,뒷내용 궁금 아숩,1684845907,2023-05-23 12:45:07
56,True,할만함,1683225186,2023-05-04 18:33:06
57,True,뭐냐? ㅋㅋㅋ,1680756914,2023-04-06 04:55:14
58,True,"한글화는 역시 잘 되어 있지만, 한글 더빙이 안되어 있는 점은 아쉽네요
그리고 엔딩을 보니 왜 다들 3편을 기다리시는지 알 것 같아요
이렇게 찝찝한 엔딩이라니..",1680368276,2023-04-01 16:57:56
59,True,"It is a game about the next story of Half-Life 2: Episode One which is what happens when going to the white forest. Play time is proper. Some parts are hard for me but it is great to play. I can see that it is also well-made.

에피소드 1과 이어지는 내용으로 화이트 포레스트로 가다가 일어나는 일에 대한 내용입니다. 플레이 타임은 적당하고 저한테는 몇몇 부분이 어려웠지만 좋았어요. 이번에도 잘만들었다는 것을 느낄 수 있었어요.",1680322786,2023-04-01 04:19:46
60,True,하프라이프 3 빨리 나와라,1679815675,2023-03-26 07:27:55
61,True,벨브형일해벨브형일해벨브형일해벨브형일해벨브형일해벨브형일해벨브형일해벨브형일해벨브형일해벨브형일해벨브형일해벨브형일해벨브형일해벨브형일해벨브형일해벨브형일해벨브형일해벨브형일해벨브형일해벨브형일해벨브형일해벨브형일해벨브형일해벨브형일해벨브형일해벨브형일해벨브형일해벨브형일해벨브형일해벨브형일해벨브형일해벨브형일해벨브형일해벨브형일해벨브형일해벨브형일해벨브형일해벨브형일해벨브형일해벨브형일해벨브형일해벨브형일해벨브형일해벨브형일해벨브형일해벨브형일해벨브형일해벨브형일해벨브형일해벨브형일해벨브형일해벨브형일해벨브형일해벨브형일해벨브형일해벨브형일해벨브형일해벨브형일해벨브형일해벨브형일해벨브형일해벨브형일해벨브형일해벨브형일해벨브형일해벨브형일해벨브형일해벨브형일해벨브형일해벨브형일해벨브형일해벨브형일해벨브형일해벨브형일해벨브형일해벨브형일해벨브형일해벨브형일해벨브형일해벨브형일해벨브형일해벨브형일해벨브형일해벨브형일해벨브형일해벨브형일해벨브형일해벨브형일해벨브형일해벨브형일해벨브형일해벨브형일해벨브형일해벨브형일해벨브형일해벨브형일해벨브형일해벨브형일해벨브형일해벨브형일해벨브형일해벨브형일해벨브형일해벨브형일해벨브형일해벨브형일해벨브형일해벨브형일해벨브형일해벨브형일해벨브형일해벨브형일해벨브형일해벨브형일해벨브형일해벨브형일해벨브형일해(게임 재밌으니까 벨브형일해),1679741720,2023-03-25 10:55:20
62,True,굿,1678429662,2023-03-10 06:27:42
63,True,"2007년에 어떻게 이런게임이 나왔나 싶은 게임. 2017년에 나왔어도 평가 좋았을것 같다.
분명 dlc인데 본편급 분량에 재미도 알뜰하게 챙겼다.
본편이랑 에피소드 1 과 같이 사서 쭉 밀어보자",1677607402,2023-02-28 18:03:22
64,True,그래서 밸브는 왜 3편을 내주지 않을까...,1676186656,2023-02-12 07:24:16
65,True,하프라이프3 = 고든프리맨 + 포탈건,1675531315,2023-02-04 17:21:55
66,True,"여기까지 온 순간 이미 늦었음
그냥 플레이하고 3을 기다리며 괴로운 삶을 살면 됨",1673607662,2023-01-13 11:01:02
67,True,애벌레 그만 나와,1672678513,2023-01-02 16:55:13
68,True,"야 하프라이프2 방금 깼어 근데
이러고서 3편이 안나오고 있는거였어?
ㅋㅋㅋㅋㅋㅋㅋㅋㅋㅋㅋㅋㅋㅋㅋㅋㅋㅋㅋㅋㅋㅋㅋㅋㅋㅋㅋㅋㅋㅋㅋㅋㅋㅋㅋㅋㅋㅋㅋㅋㅋㅋㅋㅋㅋㅋㅋㅋㅋㅋㅋㅋㅋㅋㅋㅋㅋㅋㅋㅋㅋㅋㅋㅋㅋㅋㅋㅋㅋㅋㅋㅋㅋㅋㅋㅋㅋㅋㅋㅋㅋㅋㅋㅋㅋㅋㅋㅋㅋㅋㅋㅋㅋㅋㅋㅋㅋㅋㅋㅋㅋㅋㅋㅋㅋㅋㅋㅋㅋㅋㅋㅋㅋㅋㅋㅋㅋㅋㅋㅋㅋㅋㅋㅋㅋㅋㅋㅋㅋㅋㅋㅋㅋㅋㅋㅋㅋㅋㅋㅋㅋㅋㅋㅋㅋㅋㅋㅋㅋㅋㅋㅋㅋㅋㅋㅋㅋㅋㅋㅋㅋㅋㅋㅋㅋ
빨리 내노라",1672405850,2022-12-30 13:10:50
69,True,hobby,1671881623,2022-12-24 11:33:43
70,True,하프라이프2에서 스토리 조금 진행된 정도입니다. 222,1671079702,2022-12-15 04:48:22
71,True,★★★★★,1671010648,2022-12-14 09:37:28
72,True,아니 엔딩을 이따구로 끝내면 우짜요!!,1670569200,2022-12-09 07:00:00
73,True,"헌터라고 불렀나? 그 퍼런 세 발달린 놈들. 걔네가 진짜 개같은것만 빼면 정말 재밌음. 진짜 이게 왜 명작인지 알게 해주는 게임. 꼭 핲라2, 에피1, 에피2 3개 다 사서 쭉 정주행 해보길 바람. 플탐도 엄청 길진 않으니 해볼만하다고 본다.",1670282979,2022-12-05 23:29:39
74,True,3언제나와3언제나와3언제나와3언제나와3언제나와3언제나와3언제나와3언제나와3언제나와3언제나와3언제나와3언제나와3언제나와3언제나와3언제나와3언제나와3언제나와3언제나와3언제나와3언제나와3언제나와3언제나와3언제나와3언제나와3언제나와3언제나와3언제나와3언제나와3언제나와3언제나와3언제나와3언제나와3언제나와3언제나와3언제나와3언제나와3언제나와3언제나와3언제나와3언제나와3언제나와3언제나와3언제나와3언제나와3언제나와3언제나와3언제나와3언제나와3언제나와3언제나와3언제나와3언제나와3언제나와3언제나와3언제나와3언제나와3언제나와3언제나와3언제나와3언제나와3언제나와3언제나와3언제나와3언제나와3언제나와3언제나와3언제나와3언제나와3언제나와3언제나와3언제나와3언제나와3언제나와3언제나와3언제나와3언제나와3언제나와3언제나와3언제나와3언제나와3언제나와3언제나와3언제나와3언제나와3언제나와3언제나와3언제나와3언제나와3언제나와3언제나와3언제나와3언제나와3언제나와3언제나와3언제나와3언제나와3언제나와3언제나와3언제나와3언제나와3언제나와3언제나와3언제나와3언제나와3언제나와3언제나와3언제나와3언제나와3언제나와3언제나와3언제나와3언제나와3언제나와3언제나와3언제나와3언제나와3언제나와3언제나와3언제나와3언제나와3언제나와3언제나와3언제나와3언제나와3언제나와3언제나와3언제나와3언제나와3언제나와3언제나와3언제나와3언제나와3언제나와3언제나와3언제나와3언제나와3언제나와3언제나와3언제나와3언제나와3언제나와3언제나와3언제나와3언제나와3언제나와3언제나와,1668859271,2022-11-19 12:01:11
75,True,good,1668499267,2022-11-15 08:01:07
76,True,게임하는 내내 이래서 명작이라고 하는구나~를 반복했습니다.,1667068251,2022-10-29 18:30:51
77,True,"그러니까 2007년에 엔딩 이렇게 낸 이후로 13년 동안 후속작을 안냈다 이말이지? 밸브 대갈뱅뱅임? 핲라1이 1998년 출시, 핲라2와 에피1 에피2가 각각 2004년, 2006년, 2007년에 나왔으니 핲라3는 3000년대에 낼 생각한거임?
[h1] 다 필요없고 알릭스 이후 핲라3 가능성 나왔으니까 3 내놔 이 샊이들아!!!!!! [/h1]",1665074770,2022-10-06 16:46:10
78,True,명불허전,1664861654,2022-10-04 05:34:14
79,True,"3 언제 나오냐...
알릭스 아부지...",1663308757,2022-09-16 06:12:37
80,True,ㅎㅎㅎㅎㅎ....... 뻐킹 도전과제,1662709628,2022-09-09 07:47:08
81,False,애벌레 씨1벌창 징그러워뒤지겠네,1662018719,2022-09-01 07:51:59
82,True,원래 삐~~~~~~~~ 가 공격당해 죽는 엔딩이였지만 삐~~~~~~~가 고든대신 고용되는 엔딩이 되었다고하니 응? 잠깐? 하프라이프3 확정인가?,1660401895,2022-08-13 14:44:55
83,True,갓띵작,1660367203,2022-08-13 05:06:43
84,True,굿굿,1659886288,2022-08-07 15:31:28
85,True,재밌고 흥미진진합니다.,1659323217,2022-08-01 03:06:57
86,True,엔딩이 너무 허무함,1658816531,2022-07-26 06:22:11
87,True,이러고 3편을 안 내니 욕을 먹지,1657975370,2022-07-16 12:42:50
88,True,"벨브가 홍진호를 참 좋아하는듯
벨브가 홍진호를 참 좋아하는듯 
둘다 3을 참 싫어해
둘다 3을 참 싫어해",1657640288,2022-07-12 15:38:08
89,True,"This is how single play DLC should be like. But Valve, where's the ending...?",1657487322,2022-07-10 21:08:42
90,True,결말 대체 ㄷㄷ 이렇게 끝난다고요?,1656943583,2022-07-04 14:06:23
91,True,하프라이프 3 기대가 됩니다,1656821517,2022-07-03 04:11:57
92,True,3언제 나옴?,1656813000,2022-07-03 01:50:00
93,True,씨발 털보새끼야 그래서 3편 언제 나오는데,1656613962,2022-06-30 18:32:42
94,True,3편이 안나옴,1654425167,2022-06-05 10:32:47
95,True,다음 작품 출시 좀,1652600793,2022-05-15 07:46:33
96,True,하프라이프3 내놓으라고 에피소드3 내 놓으라고 내 고든 내놓으라고 보리알리스 찾으러 가자고 제발,1650357735,2022-04-19 08:42:15
97,True,뒤늦게나마 재미나게 플레이했는데 왜 게이머들이 2+1편을 만들라고 하는지 납득이 가는군요 ㅋㅋ,1650179392,2022-04-17 07:09:52
98,False,"진짜 하면서 욕 안나오는 새끼가 사람새끼가 아닌 것 같음. 아니 전작에서 그렇게 끼임버그, 조작감, 에임 판정등 불편한 애로 사항이 많았는데 1도 안 고쳐놨네. 진짜 마지막 미션에서 매그너슨 장치 스트라이더 대가리에 꽂아야 하는데 판정 병신같아서 분명히 꽂았는데 부착 안되는 것보고 진짜 제작자 새끼들 모조리 헤드크랩한테 파먹혔으면 좋겠다는 생각 들었음. . 에피소드1처럼 적절한 도전 과제 갯수로  해놓지. 마지막이라고 꼭 발악하는 것처럼 난이도는 개같은데 업적수는 개같이 많고.. 확실히 재미면에서는 하프2가 젤 나았고, 에피소드가 갈수록 무슨 RPG게임 마냥 피통많은 놈들 죽이게 하는 전투 미션만 주구장창 있어서 그걸로 난이도를 맞추는 꼬라지가 되게 역겨웠음... 에피소드2는 개인적으로 별로임..",1649350194,2022-04-07 16:49:54
99,True,재밌고 좋음. 근데 후반으로 갈수록 어려움,1648981959,2022-04-03 10:32:39
100,True,,1647002112,2022-03-11 12:35:12
